name,mean,stdev,stder
water,9.754166667,14.03326879,2.562112624
graminoids,52.67916667,27.65948431,5.049907829
skunk_cabbage,37.6375,27.62429493,5.043483156
ferns,16.45833333,15.68511997,2.863698008
spicebush,19.22083333,24.22538484,4.422929914
ilex,5.749166667,10.24828725,1.871072701
glossy_buckthorn,3.5625,6.738475955,1.230271761
poison_sumac,2.108333333,4.975233201,0.908349151
other_woody_shrub,5.025,4.393667073,0.802170189
